frowning	3
nicely	2
prepare	1
half	21
spoke	4
elbow.”	1
mine,	1
hall	1
likes.”	1
turtles,	1
pretend	1
tea	5
twinkling	3
drunk	2
would	68
won?”	1
him,”	2
rabbit	1
legs	3
Michael	1
character,	1
electronically	1
“you	8
ten	5
“Once	1
“Everybody	1
worse.	1
blasts	2
solid	1
meanwhile	1
spreading	1
mouse—a	1
scroll,	1
*	64
require	1
love_).	1
mind,	2
“Nothing,”	1
_this_	2
-	3
“how	1
3	2
size	6
nonsense,”	1
4	1
left	13
temper	1
(though	1
mouse—O	1
“Chorus	1
A	8
things,	2
telling	2
accessible	1
child:	1
sound.]	1
him),	1
child;	1
done.”	1
I	249
child,	1
mineral,	1
Hearthrug,	1
turn	6
balanced	1
elect	1
O	1
tut,	1
result	1
same	22
bowing	1
Title:	1
dish?	1
stirring	2
again,”	1
nobody,	2
after	35
quiet	2
hand	11
“till	2
time!	2
a	667
ordered	2
“One,	2
generally,	2
salt	2
address	1
quicker.	1
ask.”	1
Nobody	1
fashion,	1
frowning,	1
pig,	4
time,	6
eating	1
not!”	1
data,	1
the	1683
straight	2
p	1
to-day!	1
“Here!	2
throw	3
nonsense.”	1
fairly,”	1
waist,”	1
fifth	1
thank	1
information	3
“arrum.”)	1
violent	2
For,	1
holding,	1
_him_.”	1
cross,	1
done,”	2
good	23
others!”	1
provide,	1
tie	1
pigs	1
ferrets	1
coaxing.	1
courage,	1
“Why	7
sad?”	1
off;	1
besides	1
copying	2
corner,	2
“Who	6
“Repeat,	1
courage.	1
“Stuff	1
others	4
business,	1
STRICT	1
making	8
about!”	1
off,	14
check	4
off.	5
draw,”	1
gone	9
sand	1
“it’s	8
walked	10
sang	2
places—_all_,”	1
owed	1
“important,”	1
sort!”	1
Redistributing	1
far!”	1
things!	1
bursting	1
earth.	2
“Leave	1
Ah,	1
harm	1
West,	1
reports,	1
course,”	5
question?”	1
provided	3
Duchess’s	3
clinging	1
eggs,”	1
indeed!”	6
“was,	1
flown	1
disclaimers	1
nowhere	2
Redistribution	1
other;	2
other:	3
patiently	1
hard	8
love,	2
ensuring	1
other,	5
roof	5
other.	2
least,	1
jury-box,”	1
you_,’”	1
room	8
suppose,	1
better	11
earth!	1
“What!	1
well	27
words.”	1
executioner’s	1
taking	5
sort,”	1
course.”	1
Dinn	1
gloves—that	1
electronically,	1
Pray,	2
“either	1
to,	7
experiment	1
gained	1
(We	1
and,	19
struck	2
hate	1
to,”	1
indeed,”	2
quietly,	1
song?”	1
order	2
somebody.”	1
peeped	3
went	79
pressed	3
to?	1
considering	3
timid	3
distant	2
“Behead	1
“Off	8
custody	2
“Oh,	19
Soo—oop	2
bringing	3
“Oh!	2
treacle-well—eh,	1
never-ending	1
jurors.”	1
Caucus-race.”	1
first.”	1
snappishly.	1
suet;	1
dreadful,”	1
pink	1
“until	1
first,”	2
fright.	1
“I’d	4
arrow.	1
“Only	2
save	1
solemnly	2
matter	8
shutting	2
footsteps	1
saw.	1
bite,”	1
hypertext	1
top	8
too	21
confusing.”	1
have	79
noise	3
‘Coming	1
to.”	1
own.	1
fairy-tales,	1
thump!	2
roast	1
energetic	1
taller	1
fit_—’	1
question	7
additions	1
wept	1
words:—	2
“_very_	1
vinegar	1
did!”	1
knocking,	1
performed,	1
intellectual	2
cheap	1
produce	1
walks	1
politely;	1
politely:	1
about,”	1
trusts	1
lower,”	1
what?”	1
rose	1
“I’m	19
thousand	2
Very	1
cautiously:	1
not.”	2
All	3
capital	4
again.”	2
upon	28
employee	1
Copyright	1
say,	5
“For	1
time.	2
contemptuous	1
say.	1
defective	2
spoon	1
quite	53
owns	2
lap	2
2001,	1
again.)	1
listen,	1
listen.	2
mine—a	1
sea—”	1
pigeon	1
know.”	9
law	5
including	8
lay	4
20%	1
lest	1
them—all	1
plenty	1
less	3
AGREEMENT	1
sternly.	1
Why,	7
wet,	1
purring,	1
production,	1
spoke;	1
were	82
And	49
shining	1
spoke.	6
PURPOSE.	1
try	12
spoke,	5
sorrow?”	1
sell,”	1
spoke—fancy	1
rudeness	1
voice—the	1
Dinah	4
“I—I	1
patriotic	1
became	2
hastily	7
unenforceability	1
not,”	6
fish)—and	1
bed!”	1
that!	2
“Beautiful	2
Any	1
_Alice’s	1
times	6
picture.)	1
dance,”	1
says	4
them—and	2
direction	2
That	3
that:	3
know,”	8
that;	1
for.”	1
cry	3
certainly:	2
“we’re	1
nothing.”	1
opening	3
hatching	1
spades,	1
“Please,	1
that,	5
spoken	1
explained,”	1
shouldn’t	5
caught	3
saucepans,	1
“Same	1
chimney!”	1
concert	1
clamour	1
led	4
pity	1
“Sixteenth,”	1
“that’s	1
(a)	1
beautiful	8
hair.”	1
doubtfully,	1
“_That_	2
“Tut,	1
fly;	1
let	7
Then	9
door—I	1
state	6
“Turn	2
scolded	1
tea;	1
answered,	1
cares	2
queerest	1
1.F.1.	1
shriek,	2
shall!”	1
night	1
tea.	1
fly,	1
tea,	1
opposite	1
pack	4
each	8
(b)	1
guinea-pigs	1
_that_	6
Service.	1
“Hand	1
creating	3
supple	1
wow!”	2
bawled	1
Mabel	1
cup	1
wasting	2
fellow?	1
wandered	2
another!	1
fury,	1
arches.	1
cut	5
perfectly	4
Vanilla	2
killing	1
_through_	1
_I’ll_	1
“You!”	1
two	20
(c)	1
moment	21
twinkling!	1
“No,	9
does	5
pencils	1
asked,	1
reported	1
(as	2
asked.	8
yours.’”	1
distribute	5
kitchen	2
creation	1
mouths—and	1
beating.	1
doubtfully:	1
SUCH	1
BUT	1
think	36
creatures,”	1
fellow!	1
occurred	2
refused	1
cat,”	1
anxiously	13
label,	1
“Pepper,	1
FULCRUM	1
temper!”	1
tone.	9
Run	1
tone,	16
They	9
_he_	3
SOUP!”	1
OTHER	1
PUNITIVE	1
English!”	1
watch	6
speech	1
[later	2
mind.”	1
thing	35
lefthand	2
politely,	3
Creating	1
undertone	1
lie	2
fact.”	1
sleepy;	1
grumbled:	1
unable	1
farmer,	1
shook	9
There	21
would,	1
paying	3
fellows	1
lit	1
blows	1
dogs	1
1.F.5.	1
This	20
_she’s_	1
donation	1
sleepy,	1
glass	4
house!”	1
juror	1
dinner,	1
prosecute	1
courtiers,	1
doubt	1
appeared,	3
Involved	1
contempt.	1
appeared.	1
queer-shaped	1
her,”	1
These	2
mind,”	1
fixed	1
1.F.6.	1
page	2
thunder,	1
full	16
courtiers;	1
before,	11
pepper	5
anger,	1
before.	2
away	17
hall;	1
hall:	1
concept	2
1.F.2.	1
reply.	3
mice	3
house	8
reply,	1
home!	1
home;	1
appeared;	1
tea—not	1
rabbit!	1
1.F.3,	3
attends	1
nonsense!”	2
hours	3
unjust	1
plate.	1
meal,	1
1.F.3.	2
joys,	1
court_.”	1
start	1
***	4
crash)—“Now,	1
pair	5
licking	1
manage	6
listening,	2
hall.	1
again:—	2
fallen	4
hall,	5
“You’d	1
paid	6
short	4
1.F.4.	1
cauldron	2
Duchess,”	1
imitated	1
verses	3
nurse!	1
listening:	1
dance?”	1
grass,	2
Alice’s,	1
far,”	2
Come	4
King.	12
King,	15
PARAGRAPH	1
size,”	1
three	23
it!—_That_	1
required	1
downward!	1
climb	1
true,”	1
remembered	5
Presently	2
golden	7
lonely	2
suddenly:	2
pale	2
flowers	2
comes,	1
threw	2
nearer,	1
players	2
INCIDENTAL	1
“Let’s	1
mean,	1
Caucus-race?”	1
destroy	2
suddenly,	1
dates	1
(And,	1
GIVE	1
coast	1
myself,	1
King:	2
‘I	6
provide	6
King;	3
“Have	3
consultation	1
fur.	1
DIRECT,	1
words,”	1
truth:	1
NOTICE	1
redistribute	1
rapidly;	1
(if	1
rapidly:	1
bright	7
paperwork	1
shore.	1
teaching	1
to?”	3
true):	1
lot	1
know?”	2
computer	2
(it	4
keep,	1
low	7
“Pray	1
1991	1
merely	2
manners	1
best,	2
best.	1
meant	4
However,	14
means	5
survive	1
feeble,	1
Canary	1
centre	1
blown	1
telescopes:	1
“his	1
("the	1
shore,	2
ravens	1
fetch	5
sorrow,	1
hanging	3
contradicted	1
twenty-four	1
moon,	1
door	15
teacup	3
did,”	3
dodged	1
quick	1
“Now	4
“Exactly	2
manner,	1
though),	1
marked,	1
tell	26
telescope!	1
Australia?”	1
“chop	1
“Nor	1
guinea-pig,	1
“Not	9
daresay	1
jury.	2
any)	1
Like	1
M—”	1
conversation.	5
old,”	3
again?”	2
for?”	2
jury,	4
not”;	1
checked	3
_would_	5
pointing	3
rude.”	1
out-of-the-way	3
day	11
tone:	5
accustomed	1
English);	1
tone;	2
“some	1
raising	1
obtain	3
“just	1
true.)	1
minutes	7
“A	9
Queen	34
created	2
format	4
particular	3
EXCEPT	1
done	10
water	2
“I	119
puzzling	4
“O	1
stays	1
terror.	1
say—that’s	1
ear.	3
ear,	1
tittered	1
sobbed	1
INDEMNITY	1
alternately	1
this.	1
critical	1
“a	2
part	5
outside,”	1
conversations	1
this;	2
Kings	1
this:	2
confused,	1
baby?”	1
sometimes,	1
tones	2
managed?	1
Will	4
www.gutenberg.org	2
this,	17
wildly	2
inquisitively,	1
English,”	1
minute,	4
minute.	1
him,)	1
subscribe	1
noticing	1
trumpet,	2
pity.	1
eat’	1
meat,	1
any.	1
ears	4
someone	1
sister’s	1
Mystery,”	1
absence,	1
further	2
viewing,	1
“Call	4
educations—in	1
(or	4
“this	1
beasts	1
railway,”	1
shouted	9
doth	3
creatures.	1
Frog-Footman	1
engraved	1
Now,	1
creatures,	1
finds	1
startled	2
mind!”	1
enough;	2
DISTRIBUTOR	1
WONDERLAND	2
examining	1
pale,	2
railway	1
unrolled	2
_it_,”	1
“Please	3
accepting	1
going	26
pass	1
past	1
mile	2
shock	1
"Project	5
milk	1
“There’s	7
s/he	1
whose	2
easy	2
Here	5
smiled	2
See	3
bathing	1
eats	1
domain	2
treatment	1
smile.	1
_some_	1
mean,”	2
choosing	1
waited	9
THE	9
foot.	1
October	1
adoption	1
Shakespeare,	1
won’t	21
learn!	2
Eaglet	1
beast,	1
once.”	2
grass	2
alarm.	1
milk-jug	1
late,	1
however,	6
person!”	1
smile:	1
Puss,”	1
mine	3
mind	4
enough,	2
agreement,	6
him—How	1
yet—it’s	1
business	3
agreement.	3
nasty,	1
“Bring	1
Refund"	1
pleases!”	1
right	22
possible	1
shoes	5
liability,	1
alteration,	1
paw,	2
taught	4
11-0.txt	1
much!”	2
maximum	1
processions;	1
under	21
did	50
dig	1
added	20
executed,	3
hedgehog.	1
tastes!	1
“Never	1
hedgehog,	1
paper.	1
didn’t!”	2
chrysalis—you	1
King’s	2
cheated	1
down	77
bitter—and—and	1
shifting	1
She	33
bit,	2
wretched	2
Off—”	1
too.”	1
upstairs,	1
bird	1
sobs,	1
forgotten	6
legal	2
Please,	1
delight,	2
all_.	1
LICENSE	2
seated	1
possibly	3
encoding:	1
foot!	1
Trims	1
remained	3
sobs.	1
‘Up	1
brown	1
foot,	2
“Silence!”	1
Duchess?”	1
Because	1
knot,	1
arm-in-arm	1
acceptance	1
D,”	1
month	1
“Which	3
puzzled	5
learnt	2
Fender,_	1
us,”	1
paws	2
players,	2
overhead;	1
gratefully	1
spectacles,	1
spectacles.	1
“_Stolen!_”	1
squeeze	1
rather	25
finger,	1
“allow	1
back	29
impertinent,”	1
hedgehogs	1
miss	1
With	2
states	4
finger;	1
letter,	3
happens!”	1
busily	4
company	1
began:—	1
washing?”	1
bank,	2
length	1
bad,	1
_you_.—Come,	1
permission	6
meant,”	1
grand	2
twice—”	1
mad.	2
bit.	2
mad,	1
up,	10
decidedly	1
“’Tis	2
pegs.	1
crab,	1
baby	6
arms,	1
handwriting?”	1
grant	1
showing	2
up:	1
“they—you’ve	1
do,	8
knock,	1
newsletter	1
_two_	1
he’s	1
You’re	2
Lizard	2
silence,	2
wider.	1
bag,	1
convert	1
attempt	1
do:	1
silence.	5
thick	1
us!’”	1
TRADEMARK	1
know.	8
_will_	3
stalk	1
know,	7
look-out	1
Despite	1
silence:	1
needn’t	3
usually	2
Even	1
draw?”	1
he’d	1
school,”	1
Normans—’	1
fear	4
lying	8
about,	6
minding	1
made	29
coming.	2
signed	2
sense	1
being	19
timidly	2
today.	1
hoping	3
printed	3
“Wouldn’t	1
field	1
3.0	1
thistle,	1
grunted,	1
ink,	1
messages	2
(a	1
loud.	1
loud,	2
flower-beds	1
dog	2
status	4
“—for	1
whiting?”	1
upset	2
glanced	1
Rabbit	30
you’ve	5
we’re	1
us,	2
us.	1
mad	5
about;	1
matter,”	1
known	1
wrong!”	1
legally	1
like,	2
nurse	1
man	1
stand	4
about.	1
knows	2
twenty	1
people,”	1
may	26
see—how	1
listeners	1
dream!”	1
list,	1
deep,	2
open,	1
widest	2
crouched	1
spectacles	1
“important—unimportant—unimportant—important—”	1
THAT	2
feet	11
fees	2
January,	1
temper,”	1
use	25
subject	3
feet!”	1
me!	3
_that_:	1
works,	5
feel	8
terribly	1
nursing	3
main	1
Lake	1
liked	3
works.	4
kindly,	1
neck,	1
rabbit-hole—and	1
me,	3
"Defects,"	1
Hearts	1
peering	1
‘_I	1
credit	1
like:	1
waste	1
cries	1
cheerfully	1
puppy;	1
waistcoat-pocket_,	1
Alice	221
burnt,	1
me?	1
equipment	1
dry	7
includes	1
interrupted	5
picking	2
no!”	1
labelled	1
ringlets	1
three,	1
birds!	1
directions	1
couldn’t	9
maybe,”	1
wood,”	1
handsome	1
_whatever?_”	1
cur,	1
trial’s	3
Fish-Footman	2
we’ve	2
tureen!	1
Information	4
beauti—FUL	1
nonsense	1
lines!”	1
uncommon	1
repeat	6
smoking	2
writing-desk?”	1
suppressed	3
physical	2
included	2
make	29
met	4
narrow,	1
saying.”	1
escape!”	1
lullaby	1
waving	5
nervous,	1
that?—It	1
Hatter;	1
Hatter:	6
exactly	5
direction,	1
fright	1
witness	4
riper	1
But,	2
“don’t	2
guinea-pigs,	2
is—oh	1
Hatter.	13
curious,	1
Hatter,	10
said—”	3
_that_.	1
again—‘_before	1
powdered	1
can;—but	1
woke	1
proposal.	1
_here_,”	1
returning,	1
machine-readable	1
about	91
end.”	1
NEGLIGENCE,	1
trees	5
crash	1
granted	1
sizes	1
meaning	7
above	3
drawing	1
Imagine	1
1.	1
height	4
goals	1
man,	2
It’s	6
singing	2
scratching	1
distance.	2
myself	2
distance,	4
invent	1
received	6
wonderful	2
PROVIDED	1
execute	1
wine,”	2
Language:	1
boxed	1
jury-box,	2
highest	1
rope—Will	1
death.’”	1
animal	1
2.	1
shared	2
lock,	1
solemnly.	1
don’t	48
solemnly,	1
last,	5
March	31
believe	8
Game,	1
long	30
end,”	1
fell	6
remember	12
“one	1
into	67
research.	1
warning,”	1
charges.	1
dogs.”	1
boots	3
Tortoise—”	1
3.	1
30	1
But	15
“It’s—it’s	1
won,	1
dears!	1
64-6221541.	1
middle	3
bother	1
expression	1
though	6
accessed,	1
longer!”	1
sleep,	1
many	13
small.	1
swamp	1
“three	1
small,	1
never!	1
stay	4
tea-time,	1
appear	2
texts	1
seem,	1
tea-time.	1
associated	7
increasing	1
4,	1
4.	1
last:	1
sleep’	1
open	6
riddles.—I	1
yet?”	2
dears?	1
bat!	1
agent	1
“Shy,	1
“much	1
know—”	4
seven	1
expressing	1
exclamation	1
child-life,	1
locks	1
hedge!”	1
Last	1
couple?”	1
bear:	1
bark	2
roughly	1
changed,	1
_never_	2
bat,	1
5.	1
particular—Here,	1
wood	2
First	2
50	1
hot-tempered,”	1
displaying	2
Rome,	1
riddles	1
surprise	1
much,”	5
throat!”	1
party.	1
“_I_	2
maps	1
exclaimed.	1
dropping	1
exclaimed,	1
felt	23
invited	1
lobster	1
William	3
look	25
voice:—	1
flying	1
THIS	3
60	1
One,”	1
shorter.”	1
allow	2
tree.	2
proper	3
Time	1
size,	1
speed	1
table,”	1
asleep,”	1
bats	1
common	1
“_It	1
interest	1
tale,	1
themselves	2
size?	1
sleepy	3
size;	1
performances	1
size:	3
said,”	1
otherwise.’”	1
support.	1
said,)	1
apply	1
recently	1
histories	1
Thus,	1
nest.	1
three-legged	2
eagerly	3
money	3
disagree	1
ground,	1
_have_	4
unprotected	1
mark	2
strings:	1
_took	1
extremely—”	1
whole	13
sharks	1
fig?”	1
“they’re	1
nonproprietary	1
shillings	1
course?”	1
tea,”	3
didn’t	11
sky!	1
lost	1
90	2
sky.	2
﻿The	1
obstacle	1
listened,	1
slate	1
attempts	1
age,	2
profits	1
“after	1
still	12
went,	2
left,	1
went.	2
work	39
lose	1
#11]	1
cattle	1
THOSE	1
knowing	2
among	12
ceiling,	1
_in_	1
a—I’m	1
wore	1
word	8
find?”	1
know!”	2
flock	1
simpleton.”	1
medium,	2
tongue	1
forehead	2
enjoy	1
pie—”	1
reeds—the	1
yourself,	1
specified	2
throwing	2
“—change	1
across	5
Gutenberg-tm,	1
waited.	2
too,”	1
Gutenberg-tm.	1
two.	1
wow!	2
two,	9
ear	2
writing	7
rushed	1
two:	1
federal	2
eat	16
English,	1
boon,	1
severity;	1
English.	1
“—well	1
ground.”	1
believed	1
he’ll	1
loud	3
include	1
“Perhaps	3
swallow	1
pack,	1
after-time,	1
low.	1
escape;	1
low,	6
Everybody	1
‘come	1
‘French,	1
meekly:	1
damages,	1
altogether	1
mouse—of	1
muchness—you	1
damages.	1
soldier	1
escape,	1
exists	1
pardoned.”	1
upsetting	1
insult	1
voice	18
“Thank	3
back!”	2
croquet-ground	1
simply—‘Never	1
book,”	2
talk.	1
beak—	1
sharply;	1
seen,	1
trial.”	1
expenses,	2
EXPRESS	1
state's	1
subdued	1
_is_	8
seen:	1
_not!_”	1
www.gutenberg.org.	2
talk:	1
mouse—to	1
expecting	3
lobster—”	1
spell	1
discover	1
pebbles	2
places!”	1
sharply,	1
sharply.	1
first!”	1
remarked;	1
altered.”	1
world!	1
remarked:	1
SEND	1
squeezed	1
green,	1
beasts,	1
sulky	2
provision	1
Cat	8
sisters—they	1
remarked.	5
prepare)	1
remarked,	2
seems	4
relief.	2
“Would	5
curious!”	1
tea-tray	1
winter	1
morning,”	1
Foundation.	1
_these?_”	1
Foundation,	5
twelfth?”	1
eel	1
middle,	3
didn’t,”	1
walking	5
notifies	1
middle.	1
cardboard.)	1
Foundation"	1
Hare,)	1
City,	1
isn’t,”	1
grave	3
advantage	2
Gryphon.	15
dainties	1
Gryphon,	14
around,	1
_she_,”	1
_What_	1
instead	2
whispered	4
Contact	1
BEFORE	1
owner,	1
unlink	1
efforts,	1
deductible	1
through,”	1
_here_.”	1
Gryphon;	1
concert!”	1
detach	1
book,	2
Gryphon:	3
WILL	1
fellow!”	1
irritated	1
slightest	1
bear?—Mind	1
court!”	1
hands	6
whisper,	1
behind?”	1
brown,	1
desperate	1
year	2
Stretching,	1
leading	1
replied.	5
_said_	1
(which	1
branch	1
replied,	5
sobbing,”	1
fun!”	1
Everything	1
removed!”	1
saves	1
yesterday,	1
accident,	1
people!	1
gallons	1
leaves:	1
leaves,	2
neat	1
leaves.	1
near	14
because	12
people.	1
silence	3
moving	3
inwards,	1
marched	1
“Soles	1
agreement	8
happen,	1
pope,	1
evening,	2
slate-pencil,	1
fancying	1
(www.gutenberg.org),	1
pieces.	1
version	1
enough,”	1
“_She_	1
know—No	1
planning	1
Turtle.”	1
officers:	1
happen:	1
stop	3
guess	2
2020]	1
(“which	1
replied:	2
Where	3
folded	1
consented	1
replied;	3
BE	1
dogs?”	1
“Look	1
least	7
immediately	3
An	4
The	105
sleep	4
swimming	2
hungry	2
gazing	1
As	12
_beg_	1
At	8
stretched	2
comfort,	1
prohibition	1
“Did	3
agreed	1
computers	1
toes	1
from?”	1
website	4
Be	1
flavour	1
learn	5
growled	1
dream:—	1
doorway;	1
sensation,	1
neck	6
game.”	1
MERCHANTABILITY	1
were.	1
ridiculous	1
judge,	3
By	4
hand.	1
hand,	6
creature,	2
ago:	1
begin?”	1
Take	1
addressing	1
Hare,	2
eager	3
evidence	3
round,	7
Hare.	11
“Never!”	1
dressed,	1
official	3
Hare:	1
either,	2
“there’s	1
cupboards	2
leave	7
signifies	1
cakes	1
sadly:—	1
away,”	1
forepaws	1
faint	1
knowledge,	1
need	1
croquet.”	2
wrote	3
meaning.	1
often	4
Do	8
gather	1
obtaining	2
“I’ve	13
sobbing	2
kindly	1
“unless	1
pence.	1
kick,	1
equipment.	2
shorter,	1
“why	2
“fetch	1
tarts,	3
right!”	1
Little	2
loose	2
now—but	1
round.	3
knowledge.	1
crawling	1
indignant	1
that’s	13
(and	2
hardly	11
shrill,	2
Footman	4
rises	1
mushroom,	3
turtles	1
chimney	2
ourselves,	1
complained	1
could,	7
M?”	1
She’ll	1
could.	4
finish,	1
you.”	1
CHORUS.	2
(any	1
curiosity,	2
end	12
curiosity.	3
things!”	4
forty	1
mistake	2
Tale	2
Rabbit-Hole	2
line:	1
whiting!”	1
noises,	1
rich	1
Replacement	1
prizes.	1
WITH	1
whisper.)	1
Mouse	17
GUTENBERG	3
royalties	2
START	1
hippopotamus,	1
family	1
happens	2
cutting,”	1
prizes?”	1
copyright	18
I,	1
called	15
I.	2
told	6
‘He’s	1
Caterpillar’s	1
Go	1
moral	6
turns	1
right,	3
holder.	1
tried	18
holder,	1
I?	1
deepest	1
head—Brandy	1
shoulders.	1
thing,”	3
brave	1
narrow	1
“Fetch	1
fancy,	2
shoulders,	1
darkness	1
He	14
IF	1
right;	1
laws.	1
shape	1
IN	3
porpoise,	1
uglify	1
nose!”	1
forth	8
ME,”	2
rate:	1
Just	5
“May	1
jurymen.	2
order,”	1
Some	3
hedgehog	5
_and	1
rate!	1
camomile	1
is—‘Birds	1
rate,	2
crumbs,”	1
EVEN	1
crossed	3
If	19
“Wow!	2
then?”	1
more,	4
tone	8
In	6
against	10
_me_,	1
Gutenberg	22
It	17
he?”	1
representations	1
“ORANGE	1
more.	1
too:	1
cake,	2
asked	8
encourage	1
cake.	1
Knave.	1
home,”	1
Lacie,	1
done.	1
share	2
punished	1
puffed	1
journey,	1
elegant	1
done,	1
does.	1
shan’t!	1
thoroughly	2
does,	1
USE	1
$5,000)	1
Knave,	1
donations.	1
too,	1
sharp	6
so—and	1
awfully	1
must,	2
Soon	1
coming!”	1
M,	1
FITNESS	1
shake	1
ME”	1
est	1
hoarsely	1
“Mary	1
tops	1
trial	4
dream.	1
dream,	1
pages	1
floor,	2
lessons?”	1
“I’ll	5
tucked	3
floor:	1
stuff,”	1
links	3
entrance	1
“Nearly	1
redistribution.	1
took	23
new	7
catching	2
jumped;	1
child?”	1
"Right	1
below	1
yelp	1
shall	23
brass	1
“Up,	1
game,”	1
more:	1
“No,”	2
more;	1
“for	6
yet—Oh!	1
axis—”	1
removed,”	1
“After	1
NO	2
Alas!	1
financial	1
turn;	1
“what’s	1
scale!	1
white;	1
reaching	2
dreamy	1
My	1
queer,	1
around	2
running	8
corner—No,	1
enough.”	1
Drawling-master	1
OF	11
underneath,	1
whispers	1
chose	1
white,	1
declare,	1
“Reeling	1
wood,	1
declared	1
wood.	3
No	2
seems,”	1
OR	6
Mercia	2
leaders,	1
[Illustration]	1
pencil	1
tasted—”	1
complying	3
crumbs.”	1
Of	1
PG	1
Oh	5
whisper	1
Let	6
muttering	3
On	4
broken.	1
merrily	1
same,	2
_could!_	1
farther	1
III.	2
wood—(she	1
“Two	2
down!	2
effect,	1
angrily	2
puzzle!”	1
decided	3
locks,	1
askance—	1
tumbling	2
“really	1
shoulder	3
flat,	1
dance	2
station.)	1
remain	2
_fit_	1
voices	2
lazily	1
countries	1
Two	1
toss	1
eye	4
Soup	4
Paris,	1
splash!	1
himself	4
wanted	4
cart-horse,	1
savage!”	1
glaring	1
deserved	1
S.	1
jaw,	1
wouldn’t	12
begin.”	3
eBooks,	1
argued	1
lessons,”	2
asleep.	1
another	21
thistle	1
pie-crust,	1
thing!”	6
eBooks.	1
asleep,	2
‘moral,’	1
lives.	1
Stigand,	1
head!’”	1
partners—”	1
Royalty	2
‘I’ll	2
permitted	3
Dormouse’s	1
Pennyworth	1
baby—the	1
mournful	1
you!)	1
indemnify	1
fellow?”	1
www.gutenberg.org/donate	2
pace,”	1
jaws	1
WARRANTY,	1
Suppress	1
down:	1
such	45
pool—she	1
Carroll	3
recovered	2
displaying,	2
splashing	2
argue.	1
civil,	1
down.	2
effect:	1
livery	1
holiday?”	1
TO	2
So	23
yet,	3
understood	1
down,	12
no!	2
daisy-chain	1
Alice)—“and	1
Shark,	1
jurors	3
research	1
Queen!	1
figure!”	1
weren’t	1
forgetting	3
voice,	15
white	6
sounded	5
where.”	1
voice.	10
day—”	1
V.	2
March,	1
now—Don’t	1
To	4
questions,	1
“stupid	1
is—‘Be	1
UT	1
music.”	2
exclaimed	4
mallets	1
imagine	1
draggled	1
might	27
you!”	3
alive;	1
thought,	6
Queen:	1
girl	3
sharing	2
thought.	2
whatever	1
yards	1
“Right,	1
see’!”	1
first—they	1
croquet?”	1
affectionately	1
trumpet	1
without—Maybe	1
“Stand	1
Queen,	17
Queen.	11
break.	1
next	20
crocodile	1
silent.	2
grin.”	1
occur:	1
“Let	3
house,	9
nearly	11
slate—Oh,	1
snatch	2
Duchess:	4
originator	1
Duchess;	4
silent,	2
something,	1
distributing,	1
nor	2
conclusion	1
not	129
Derision.”	1
hurriedly	2
shyly,	1
X.	2
now	23
hastily;	1
hastily,	4
HEARTS.	1
washing_—extra.’”	1
thought;	1
hastily.	4
thought:	1
trademark	5
lived	3
wag	1
faintly	1
undoing	1
derived	1
Pigeon;	2
voice;	2
live.	1
pinch	1
voice:	1
thoughts	2
Pigeon.	2
“it’ll	1
toys	1
green	3
race	2
Gryphon	22
“Sentence	1
was	329
Suddenly	1
pig-baby	1
Pigeon,	2
grew	1
way	39
We	2
William_,’”	1
can’t	27
grey	1
sensation	1
what	86
Duchess!	3
Five	1
clock.	1
enough—I	1
’em	3
grin,”	1
attempted	1
flame	1
Duchess,	8
rise	1
afraid,”	1
Duchess.	3
hadn’t	7
panted	1
play	8
pity!’?”	1
then!—Bill’s	1
interrupted:	1
“EAT	1
way—”	1
quickly	2
moderate.	1
when	67
you,”	6
prizes.”	1
“Consider,	1
synonymous	1
interrupted.	1
fan	8
far	9
myself.”	1
interrupted,	2
driest	1
paws.	1
catch	3
plan	1
rock,	1
sentence,	1
give	12
them—“I	1
lives	1
depends	2
double	1
teases.”	1
comfortably	1
Seven	3
porpoise.”	1
side,	3
song.	1
side.	2
whiting,”	2
figures!”	1
downloading,	1
PLEASE	1
suit	3
Always	1
something;	1
things?”	1
song,	4
please,	3
enough!”	1
look!	1
entangled	2
EBOOK	2
what?	1
used—and	1
cards:	1
Good-bye,	1
“_Un_important,	2
receiving	1
please:	1
sun.	1
cards,	1
web	1
sun,	1
flustered	1
then.”	2
sentenced	1
older	2
relieved	1
grin	1
going,	1
sorrows,	1
wet	1
user,	1
dishes	1
paws!	1
great	39
Beau—ootiful	4
happened	3
wrong	2
denied,	1
pleased	5
sides	4
stockings	1
heads	7
impossible.	1
requirements.	1
certain	4
requirements,	1
wondered	1
stuff	1
Rabbit’s—“Pat!	1
die.	1
Five!	2
fee	8
eleventh	1
used	15
three.”	1
hearts.	1
Five,	3
mustard	2
“Don’t	4
completely.	1
then,”	6
afterwards,	1
presented	1
Five.	1
few	10
(she	9
_don’t_	1
invited,”	1
shiny?”	1
_mine_,”	1
marked	7
“now	1
did.	1
otherwise	2
feelings.	1
triumphantly,	1
did,	3
here;	1
difficulty,	1
breath,	3
head,	3
VIII.	2
here?	2
head.	5
nearer	4
triumphantly.	1
laughed	1
head!	1
opened	9
“—I	1
pleasing	1
“not	2
produced	2
be!”	1
Hardly	1
head:	1
“Everything’s	1
use,	2
“Boots	1
did:	1
please!	1
bread-knife.”	1
outside	2
hung	1
effect	1
keep	10
solemn	3
nonsense.	1
screamed	4
choked	3
sugar	1
who	51
words,	1
game	6
comfortable,	1
(_with	1
why	7
ran;	1
remark	3
died	1
“Ahem!”	1
denies	1
necessarily	1
collection.	1
alone	3
rearing	1
words:	2
along	5
uneasy:	1
here,	6
serpents!	1
here.	2
here!	2
myself,”	2
ran,	1
king,”	1
VI.	2
nurse—and	1
ran.	1
figure,”	1
garden—how	1
head—	1
_mine_.”	1
tea-party	1
pardon,	1
while,	4
Luckily	1
butter	1
leant	1
Waiting	1
RABBIT,”	1
bats?”	1
matters	2
other—Bill!	1
Lewis	3
various	2
visit	1
denied	1
can—”	1
user	2
oneself	1
extent	1
_are_	3
pleasanter	1
dipped	2
bring	2
Conqueror.”	1
_less_,”	1
fond	3
losing	1
dog’s	1
familiarly	1
fix	2
honest	1
trembled	2
steam-engine	1
Pool	2
names,”	1
Gutenberg"),	1
Story	2
addition	1
doing?”	1
promoting	2
grow	13
sure	16
shrink	1
eyes.—“Tell	1
EIN	1
am	13
“The	15
an	57
the—”	1
“Does	2
slates.	1
as	246
at	209
Croquet-Ground	2
knuckles.	1
puppy	5
(trademark/copyright)	1
turning	12
slates,	4
tale!”	1
it’ll	6
looking	30
plan!”	1
patted	1
happen,”	1
hurt	2
France—	1
be	155
prove	1
Dormouse,”	2
ordering	2
dunce?	1
they’d	3
Tea-Party	2
claws	1
search	2
one--the	1
“whenever	1
sudden	5
by	79
whom	2
cost,	1
Defect	1
liked,	2
tumbled	1
foot	5
disclaimer	2
charge	6
Poor	1
Prizes!”	1
keeping	4
queer-looking	1
doubt,	2
doubt:	1
alternate	1
moment!”	1
lasted	1
breathe	1
really?”	1
“Nothing	3
(“That’s	1
days.”	1
fly	1
nothing.	3
that?”	6
knot!”	1
Father	4
nothing;	1
freely	4
nothing:	1
mistake;	1
parchment	2
sea,”	1
Mabel!	1
bristling	1
nose;	1
do	60
girls	3
“Can	1
here?”	4
shingle—will	1
slowly,	2
butterfly,	1
found:	1
Mabel,	2
voices—“Hold	1
Though	1
which	44
needs	1
houses,	1
(luckily	1
“Each	1
anything;	2
spot.”	1
never	37
Nile	1
somewhere.”	1
anything.	1
knife	1
for,	2
note-book,	1
anything,	1
piece	5
thoughtfully.	2
sea.”	1
END	2
burst	1
carry	2
limbs	1
tears	4
(does	1
slates;	1
pine-apple,	1
for	147
dozing	1
girl,”	1
watching	3
content	1
Stole	2
scream,	1
Crab	1
perhaps	12
Number	1
rate	4
rude,	1
hedgehogs;	1
trouble	4
mushroom,”	1
be,”	3
rats	1
whiting	3
hedgehogs,	1
attended	1
nose—	1
distance—but	1
whiskers!”	1
bee,”	1
usual,”	1
go	38
kept	13
let’s	3
Drawling,	1
fork	1
form	2
“crumbs	1
“Ten	1
Duck	1
nose.	1
pinched	2
Dinah’ll	1
nose,	3
so,”	5
he	96
isn’t	6
presents	2
promotion	1
Professor	1
very	126
passed;	1
this?”	1
feather	1
“Too	1
practice	1
placed	1
ADVENTURES	2
transcription	1
is—”	1
IRS.	1
wide,	1
“Fury	1
footmen,	1
transcribe	1
yawning.	1
_myself_,	1
appeared	3
agony	1
else’—but,	1
four	6
else	8
grinned	2
modification,	1
easily	4
“however,	1
you—are	1
“Why?”	2
be.”	1
if	73
serpent;	1
star-fish,”	1
violently	2
likely	4
encouraging	2
plates	1
pig,”	2
in	406
serpents	2
is	85
it	357
you’d	8
caterpillar,	1
somebody	4
odd	1
is—‘The	1
Mad	2
hours,	1
lessons!”	1
gave	15
“let’s	1
me,”	5
often,	2
place,	2
so.”	1
buttons,	1
become	5
shrieked	1
something!”	1
thoughtfully:	1
turned	16
May	1
‘_Turtle	1
“Tell	1
Uglification,	1
why.	1
why,	2
library	1
footman	3
sending	3
RIGHT	1
delight	1
sadly	2
eggs,	3
LIABILITY,	1
seemed	27
Use	2
knew	13
water,	1
oh!	2
water.	1
draw	4
to-night,	1
signify:	1
serpent.	1
wandering	1
off	38
generally	5
serpent,	2
knee	1
oh,	3
me.”	1
Duck:	1
wooden	1
fumbled	1
tipped	1
fun	1
“Very,”	1
Duck.	1
fur	2
sea,	3
sea.	3
while	15
_you_	6
tried.	1
“Fourteenth	1
Mock	57
key;	1
second	6
e—e—evening,	3
that	225
edge	3
faster	1
ma	1
picked	3
than	26
me	46
claim	1
widespread	1
flower-pot	1
key,	3
remark,	4
hookah,	1
_her_	1
remark.	3
Updated	1
_not_	5
‘Edwin	1
UTF-8	1
possessed	1
follows	2
feeling	6
my	55
cat.)	1
license	2
disk	1
dream	3
dish	3
roses?”	1
with,”	2
“Shan’t,”	1
fluttered	1
Except	2
binary,	1
no	72
stairs.	1
furrow	1
passionate	1
answer?”	1
kissed	1
CONTRACT	1
mixed	2
pool,	2
tremble.	1
head	29
follow,	1
considerable	2
_I_	13
dreamed	1
of	605
oh	1
somehow	1
dive	1
heap	1
hear	15
fight	2
on	148
pretty	1
or	137
determine	1
this:—	2
rabbits.	1
Caterpillar	12
Turtle’s	3
royalties.	1
drew	5
stairs!	1
Mouse.	2
Dormouse!”	1
"Information	1
incessantly	1
painting	2
with.”	1
month,	1
pool?	1
sitting	10
Paris	1
remarks	1
infringement,	1
getting!”	1
Mouse,	8
Archive	13
_was_	5
donate,	1
registered	2
with?”	1
donate.	1
see,	11
promised	1
stretching	1
evidently	1
candle.	1
States	7
“Mine	1
hedges,”	1
speaking	2
extremely	1
from,”	1
absurd,	1
clever	1
difficulties,	1
Hearts,	5
straightened	1
hundreds	1
they	110
garden!”	1
choke	1
Lory,	3
close,	1
execution.”	1
old	14
settled	3
Lory.	1
them	49
then	50
Indeed,	1
temper,	1
on,	28
“advance	1
temper.	1
ancient	1
on.	8
sea!”	2
Mouse!”	1
laughter.	1
taxes.	1
wander	1
twelve	2
London	1
form,	1
donors	1
on:	2
form.	2
on;	1
chose,”	1
on?	1
discovered	1
child!”	2
gravely,	2
executed	2
thatched	1
_best_	2
seen	12
growling,”	1
seem	7
gravely.	1
that.”	3
croquet	3
blew	2
renamed.	1
tongue,	1
variety	1
START:	1
executes	1
so	104
“But	19
insolence	1
thanked	1
here,”	4
email	1
alone!”	1
“nine	1
Wonderland	3
head’s	1
Esq.,	1
GUTENBERG-tm	1
one	78
started	2
UNDER	1
Eaglet.	1
Section	7
Eaglet,	1
closer	1
“Here!”	1
see:	3
Jack-in-the-box,	1
change.	1
effort,	1
change,	2
twinkle_—”	1
sneezes;	1
closed	2
Literary	13
to	778
sneezes:	1
country	5
_you?_”	2
that,”	9
change:	1
laughing:	1
commercial	1
exporting	1
reasonable	2
generations	1
rules	3
with;	1
“lives	2
with.	1
with,	1
up	83
(For,	1
us	10
Volunteers	1
waters	1
treated	1
PROJECT	4
smiling	2
here.”	2
usual	1
shrieks,	1
this	125
DAMAGES	2
suppose	8
upright	1
a—”	1
Please	1
remarkable	2
archbishop	2
NOT	2
quarrelled	1
is—‘Take	1
_this!_”	1
“—you	1
“Speak	2
know	46
compliance.	1
frightened	7
support	3
changed	7
drop	1
wig,	1
saucer	1
finished.	1
rule:	1
finished,	2
shaped	2
changes	2
head!”	7
cold	1
learning	2
“Seven	1
rule,	1
life	2
we	23
rose-tree	1
promise.	1
slippery;	1
shriek	3
gay	1
lieu	2
Geography.	1
wide	1
previous	1
reading	3
together!”	1
slipped,	1
you—all	1
itself,	4
humbly;	1
DAMAGE.	1
laughed,	1
itself.	1
squeaking	2
humbly:	1
is!”	3
Miss,	2
mouse-traps,	1
moment’s	2
knocked.	1
refund.	2
held	4
Rabbit’s	3
Internal	1
Bill!	3
none	3
conversations?”	1
asking,	1
story.	1
BREACH	2
sulky,	1
terms	21
https://www.gutenberg.org/1/11/	1
long,	1
languid,	1
long;	1
itself,)	1
deeply	1
asleep	4
lobsters	3
_curtseying_	1
years,	2
method	1
Cat.	5
scroll	1
Cat,	7
come	22
shilling	1
push	1
here!”	1
instead!”	1
Bill,	3
exact	1
natural);	1
treat.	1
Those	1
court.	3
questions.—How	1
court,	5
“That’s	14
periodic	1
“Herald,	1
sea-shore—”	1
distribution	6
our	11
cakes,”	1
out	98
84116,	1
this,”	1
things—everything	1
court;	1
get	43
display,	1
dark	3
[Most	1
Either	1
course	11
(the	1
Cat;	1
copy	8
Cat:	2
nibbled	2
dare	5
Table	1
directions,	2
me?”	2
cook	8
cool	2
sell	1
continued	7
elbows	1
“I—I’m	1
already,	1
abide	2
bread-and-butter—”	1
buttered	1
be?”	2
help	11
attending!”	1
writing-desks,	1
reading,	1
seaside	1
flamingoes,	1
trickling	1
located	7
chorus	2
won’t!”	2
roses	1
trials,	1
magic	1
date	2
snail	1
Christmas.”	1
lamps	1
“Fifteenth,”	1
perhaps?”	1
own	9
her,	18
sound	3
murdering	1
obliged	3
Most	1
not.	2
her.	13
grinning	1
verdict,”	3
appears,	1
not,	9
rustling	1
nothing,	2
that—only	1
not?”	1
King	27
croqueted	1
affair,	1
distributing	6
turn-up	1
Rabbit:	1
Rabbit;	1
this),	1
blow	2
soup,	1
soup.	1
tossing	3
curious	16
proud	2
Character	1
like	74
creatures	6
carrier,”	1
plan.”	1
untwist	1
at!’	1
“Why,”	2
Hatter	24
branches	1
sent	3
‘it’	2
emphasis,	1
ending	1
Zealand	1
efforts	2
addressed	2
Lizard’s	1
“Back	1
ground	2
anyone.	1
game’s	1
send	1
here	14
haven’t	7
everybody	5
you:	1
shrimp	1
purpose	1
line	1
away!”	2
turns,	2
hers	3
dry,	1
William_,”	1
carefully,	3
along—“Catch	1
you,	25
PGLAF),	1
pretexts	1
hearth	1
you.	1
“Thinking	1
saucepan	1
seriously,	1
feeble	1
that!”	7
you!	2
treacle	2
scaly	1
nose	1
shrill	3
costs	2
cost	3
will	31
feebly	1
win,	1
smoke	1
Rabbit,	8
Mouse’s	1
follow	2
Rabbit.	1
witness!”	2
Turtle;	1
Turtle:	3
washing	1
o’clock	3
indeed:—	1
her:	5
asking!	1
her;	3
where—”	1
child,”	1
compliance	3
locations	1
vanishing	1
harmless	1
wild	2
Turtle.	9
Turtle,	8
first—verdict	1
together,	1
sight.	1
govern	1
soldiers,	2
together.	2
sight:	2
England	1
air.	5
a-piece,	1
speak.	1
mad—at	1
your	62
sight;	1
Therefore	1
speak,	2
explanation	1
hurt,	1
without	32
air,	5
kettle	1
these	14
begins	4
different.	1
master,	1
introduced	1
birds,)	1
whiles.”	1
contributions	1
would,”	1
protected	5
answers.”	1
different,	1
trying—”	1
sight,	4
now?	1
flapper	1
calculate	1
drinking.	1
air:	1
sister	5
_plenty_	1
now,	6
chimneys	1
sure!	1
proceed,”	1
Don’t	4
“Sh!	1
William,”	1
is,”	2
day!	1
now.	1
license,	3
volunteers	4
day:	1
_hated_	1
day;	1
cried.	2
_me_,”	2
remarking	2
included.	1
Rome—no,	1
go!	1
wink	2
you?	2
now!	1
Drawling—the	1
baked	1
air!	1
sure,	2
thoughtfully	1
day.	3
opinion,”	1
much	41
day,	4
humble	1
wasn’t	11
business,”	1
banquet—]	1
go,	4
concluded	2
go.	1
mostly,”	1
are;	1
jelly-fish	1
talking	12
sure;	1
“—and	2
only,	1
witness.”	2
Contributions	1
together.”	1
opened,	1
"Plain	2
begin,	1
stupidest	1
“explanations	1
are!	1
(Sounds	1
committed	1
licensed	1
little!”	1
executioner:	1
is.”	3
stingy	1
_yours_:	1
“She	2
chimney,	2
together:	1
blue	1
executioner,	1
are,	2
“This	2
days	6
arch	1
faces	2
returned	2
yours	1
fitted!	1
sage,	1
minutes.	2
sharply	1
minutes,	2
doing!”	1
chin.	2
got	45
eagerly:	1
cushion;	1
wish	22
eagerly.	1
witness,”	1
trademark,	3
wise	2
chin:	1
kind,”	1
trademark.	4
eagerly,	3
Queens,	1
conversation	4
cushion,	1
copying,	2
Unless	1
roared	1
“jury-men”	1
singers	1
murder	1
Turtle	33
(look	1
face,	4
invitation	2
time?”	1
paw	1
FOR	3
pay	1
enormous	1
clearer	1
list	2
strange	4
inquired	1
About	1
Caterpillar;	1
tails	3
court!	1
authority	2
remarked	1
face.	3
cleared	1
creature	2
child	3
Caterpillar.	12
Alice.	54
it—”	1
Alice,	76
formats	2
young	5
“They	9
medium	3
remove	1
Alice!	3
possession.	1
mad.”	3
producing	1
_at	1
Alice:	7
Alice;	16
sneezing	4
ridge	1
live	7
ventured	4
_that!_”	1
ordered;”	1
applause,	1
lodging	1
“Serpent!”	1
rose-tree;	1
them!”	5
fourth.”	1
“leave	1
which?”	1
bowed,	1
_All	1
Allow	1
rose-tree,	2
with	214
Ma!”	1
subject,”	1
adjourn,	1
there	44
lady	2
hopeless	1
“Then	11
chatte?”	1
_me_.”	1
conclusion,	1
pocket	1
wags	1
named	1
desperately:	1
sh!”	1
considered	3
License	8
good-natured,	1
changing	2
little!	1
approach	1
little,	3
“An	1
“As	3
custard,	1
“At	1
fish,	1
afore	1
flashed	1
write	5
little.	1
“Certainly	1
dripping	1
hand,”	1
Conqueror,	1
corporation	1
understand	5
see!”	1
associated)	1
confirmation	1
slowly	6
Ma’am,	1
ever	16
porpoise?’”	1
loving	1
unhappy	1
name:	1
even	18
ferrets!	1
name,	1
appearing	2
crown.	1
despair	1
remarks,	1
eBook	6
larger	3
engaged	1
queer	9
hundred	1
“Twenty-four	1
eyes—and	1
bright-eyed	1
provisions.	1
verse.”	1
indicating	1
sixpence.	1
“besides,	1
jury—”	1
growing,	4
rapped	1
“Where’s	1
violence	1
laid	2
Elsie,	1
particularly	1
raven	1
Forty-two.	1
red-hot	1
angry.	1
opportunities	1
angry,	1
trying,	1
“Curiouser	1
names	1
_your_	7
596-1887.	1
arm,	5
gardeners,	4
“tell	1
entity	3
tide	1
New	1
choice!”	1
imposed	1
almost	8
large,	1
readily:	1
manner	1
pie	1
rabbit-hole	2
verse,”	2
whether	11
explanation.	2
ointment—one	1
watch,”	1
counting	1
void	1
cats?”	1
swam	5
liability	1
more—As	1
feeling!”	1
READ	1
Grief,	1
“By-the-bye,	1
none,	1
arms	5
“Sit	1
twist	2
“Do	8
heard!”	1
thunderstorm.	1
rising	1
replied	14
lessons:	1
prisoner	1
cause	3
lessons,	1
serpent!”	1
modern,	1
lips.	1
oblong	1
accidentally	1
ACTUAL,	1
it’s	25
spoon:	1
vulgar	1
twentieth	1
came,	2
busy	2
attending	2
any,”	1
land	1
terrier,	1
“Come	6
“‘Miss	1
perhaps,”	1
lobsters!”	1
_something_	1
_ever_	2
burn	2
explanation;	1
adventures.”	1
tied	1
but,	6
chief	1
doubtful	2
followed	8
Quadrille?”	1
IMPLIED,	1
burning	1
“shall	1
English	2
conduct	1
velvet	1
treading	2
down—Here,	1
machines	1
tidy	1
“Where	1
walk	4
quietly	4
“Are	4
honour:	1
fanned	1
rat-hole:	1
_proves_	1
business?”	1
Time,	1
yet—and	1
Fainting	1
hungry,	1
lessen	1
secret,	1
honour,	1
Foundation."	1
“In	5
stairs!”	1
welcome	1
meeting	1
‘Who	1
low-spirited.	1
“Is	3
“It	24
“If	14
MILLENNIUM	1
began	46
serpent?”	1
want	9
advisable—’”	1
“Nonsense!”	1
middle-aged	1
Project	79
watch!”	1
to—to	1
must	48
snail,	1
offend	1
cucumber-frames	1
snail.	1
memorandum	1
“Change	1
joined):	1
“He	5
cats!”	1
rate,”	1
neatly	2
stupid),	1
was:	2
clubs;	1
Would	3
apples,	2
giving	2
prize	1
ladder?—Why,	1
raving	2
accident	1
pop	1
nice,	1
_one_.”	1
found	31
began:	1
window,	5
was,	14
think:	1
“Explain	2
was)	1
is?”	1
“_Everybody_	1
“Go	2
escape	1
funny	3
began,	6
receive	2
Him,	1
implied	1
beating	1
uneasily	1
began.	3
_outside_.”	1
No,	4
say?”	1
entirely	2
was!	1
standing	1
doesn’t	16
which),	1
reasons.	1
cucumber-frame,	1
them—”	1
blacking,	1
pigs,	1
feelings	1
indeed:	1
“And	17
till	19
others.	3
Once	1
Arthur	1
little_—’”	1
“No	1
_his_	1
Sing	1
fact.	1
had	176
fact,	4
accounting	1
secure	1
besides,	1
“My	2
end:	1
‘_poison_’	1
she’d	1
vegetable.	1
free,	1
indeed,	1
late	3
school	4
things	21
immense	1
beheaded,	1
has	8
indeed.	1
end,	1
cautiously	2
removed.	1
offers	1
given	2
pronounced	1
she’s	3
sighed	5
last	25
time.)	1
“Mouse	1
faces,	2
sheep-bells,	1
think,	2
wash	2
loveliest	1
uncomfortable	1
breath.’	1
faces.	1
chuckled.	1
“Consider	2
“Will	1
ye;	1
suppressed.	1
think!	1
measure	1
it!”	7
Now	2
mice—oh,	1
ready?	1
playing	2
receipt	2
toffee,	1
whiting.	1
employees	1
rattle	1
swim	1
jurymen	2
soup!”	1
Besides,	1
asking	3
impossible	2
Was	1
effort	1
“Your	2
complaining	1
dried	1
settling	1
“Now,	4
anything	15
pet:	1
ears—”	1
VII.	2
yesterday	2
time.”	1
good,	1
passage:	1
be’—or	1
Crab,	1
denying	1
assembled	2
thing.	1
tiptoe,	2
steady	1
vote	1
ugly;	1
bird,”	1
Ugh,	1
earls	2
passage,	2
waistcoat-pocket,	1
ill.”	2
yer	4
yet	6
law:	1
end?	1
animal’s	1
one?”	1
Foundation's	3
First,	4
dinn—”	1
room!”	2
_one_	2
stay!”	1
different,”	1
law,	1
delightful	2
advance!	1
returns.	1
later.	1
time	46
“Dinah’s	1
law.	2
them.	2
them,	21
way?	1
happy	1
offended!”	1
them:	1
put	31
time,”	5
little,”	1
breathe.”	1
her	204
lobsters,	3
visit:	1
Special	1
(Dinah	1
present!”	1
rustled	1
high,	3
off?”	1
laws	9
having	10
thing,	4
way!	1
Quick,	1
“living	1
high.	3
way.	3
lesson	1
way,	7
then;	1
thought),	1
high:	3
1500	1
happening.	1
That’ll	1
tiny	4
clever?”	1
“Anything	1
surprised,	1
then,	6
muddle	1
Caterpillar,	2
hookah	4
flinging	1
“Wake	2
1.E.1	3
stoop?	1
MARMALADE”,	1
uncomfortably	1
lazy	1
methods	1
wearily.	1
tail,	3
“Once,”	1
Digging	1
confirmed	1
tail.	2
then?	1
sob,	1
ways	2
crimson	2
now?”	2
speak?”	1
growl	1
1.E.7	2
1.E.8	2
grown	7
confusing	2
mischief,	1
XI.	2
noticed,	1
‘Come	1
time).	1
Gutenberg:	1
Classics	1
“Or	1
“Of	11
“—_said	1
“Oh	2
Silence	1
instantly,	2
permanent	1
organized	1
garden	4
tail;	1
“stupid,”	1
’tis	2
small	10
morning?	1
_that’s_	3
able!	1
hid	1
staff.	1
again;	2
annoyed,”	1
baby,	3
before	22
again:	4
different!”	2
replace	1
him	23
listen	4
wondering	7
oyster!”	1
“Treacle,”	2
persisted.	1
again.	16
hit	2
his	93
again,	31
morning,	2
Fury:	1
beat	4
interrupt	1
sobs	2
consider	1
brightened	2
proofread	1
again!	1
Who	7
group	1
“With	1
Panther	3
gross	1
tree	3
pleaded	3
shouting	2
“W.	1
history	1
hurry:	1
cats.”	1
hurry;	2
twice	1
nibbling	3
KING	1
baby:	1
baby;	1
Gutenberg"	4
March—just	1
managing	1
hurry.	3
certain!	1
hurry,	1
it),	2
croqueting	1
their	50
nodded.	1
Adventures	4
shepherd	1
www.gutenberg.org/license.	1
“To	1
like?”	1
general	3
puzzled,	1
sounds	3
Footman’s	1
frighten	1
deeply.	1
it,)	1
swim_—”	1
history,”	1
puzzled.	2
“Où	1
deeply,	2
“So	4
requirements	2
clear	2
crowded	5
Only	1
clean	1
it,”	18
“_I’ve_	1
circle,	1
mean	7
neither	2
glad	11
persisted	1
hurry	4
“he’s	1
account	1
guests,	1
“Drive	1
been	36
mostly	1
laugh;	1
garden.	3
ever,”	2
whatsoever.	2
hoarse	2
procession,	2
garden,	5
understand.	1
haven’t,”	1
come.	1
pardon,”	1
secondly,	2
come,	2
advance	1
skimming	1
resource,	1
“Alice!”	1
been,	1
understand,	1
been.	1
it.)	2
rumbling	1
one,”	3
added,	3
hunting	3
you	306
say,”	4
knowledge	1
soft	1
_very_	13
happen	5
subject.	2
e-mail)	1
delighted	2
kitchen.	1
opportunity	9
cakes,	1
active	2
kitchen,	1
it.”	9
court	5
“Yes,”	3
Said	4
venture	3
alive!”	1
LIMITED	3
Mississippi	1
passion.	1
teacups	2
trying	11
passion,	2
“Idiot!”	1
garden:	1
beds	1
Majesty?”	1
comes	1
dear,	6
bottle	7
hot	4
butter,	1
“Ugh!”	1
“the	5
how	41
Salt	1
tears.	2
tears,	3
say.”	2
dinner!”	1
hearing	3
dear!	9
tears!	1
say.)	1
chin	4
tail	3
talk,”	1
subjects	1
_speaker_,”	1
_could_	2
grunt,”	1
tells	2
ANYTHING	1
“We	8
answer	6
meet	3
“_I’m_	1
series	1
Cat,”	1
bread-and-butter	2
bit!”	1
arches	3
putting	3
now,”	4
rubbed	1
sometimes	4
panting,	2
questions	2
inclined	1
hold	7
garden_.’”	1
tale	1
half-past	1
happens.	1
chains,	1
Caucus-Race	2
absurd	1
outdated	1
cartwheels,	1
I—”	1
porpoise	1
off).	1
talk	10
respect.	1
reply	1
accepted,	1
For	11
creep	1
muttered	2
stupid?”	1
fun?”	1
performing,	3
take	18
immediate	3
sing?”	1
course—‘_I	1
blame	1
Turn	1
note-book	1
confusion	3
carrying	2
some	47
sour—and	1
question,	4
beginning	12
waiting	7
“Yes,	8
Footman,	2
Footman.	1
additional	2
ask:	1
question.	3
heads.	1
question;	1
swallowed	1
subject!	1
trot	1
soon.	1
passed	4
just	43
notice	7
International	1
owner	2
can,”	1
jury	9
happens;	1
ask!	1
remembering	1
last!”	1
“she’s	1
home	1
son,	1
print	1
way:—	1
shoes_,”	1
else’s	1
ask.	1
Dinah!”	1
deal:	1
explain	8
muscular	1
dropped	4
(when	1
Sends	2
shedding	1
finished.”	1
royalty	1
hope	4
paragraphs	3
like,”	3
soon	23
suppose?”	2
off.”	1
directly,	1
bend	1
day!”	1
directly.	1
song	1
then!”	2
mark;	1
belt	1
executioner	3
Hare	16
heavy	2
Cheshire	6
afford	1
“as	4
“at	2
hearing.	1
high).	1
whispered,	1
Hart	1
“—likely	1
farm-yard—while	1
DISTRIBUTE	1
unpleasant	2
Edwin	1
diligently	1
now.”	4
Right	1
Oh!	1
hoped)	1
lesson-book.	1
whereupon	1
crazy!”	1
tea-things	1
answer.	1
Off	2
summer	2
hot,	1
Still	1
Foot,	1
Oh,	3
pounds!	1
answer,	1
file	2
right?”	1
table.	3
executed.”	1
table:	1
together	2
“Keep	1
pardon!”	4
problem.	1
within	5
could	64
“only	1
bent	1
table,	5
friend.	1
favourite	1
off,”	1
Owl,	1
I’d	7
denial;	1
“Yes!”	1
fire,	3
I’m	35
shiver.	1
“All	2
return	3
either!”	1
codes	1
“Well!	2
sulkily	2
trouble,	1
charities	1
appear,	1
[eBook	1
LIABLE	1
cup,”	1
back-somersault	1
“Ah!	2
_began_	1
practically	1
“Digging	1
trampled	1
confused	3
fine	2
find	20
_little_	1
calculated	1
“What	33
raw.”	1
wits!”	1
next,	2
“—Mystery,	1
sooner	2
next.	3
pleasant	1
Between	1
currants.	1
difficult	2
sort	17
breeze	1
friends	2
heart	2
“Ah,	2
forget	2
existence;	1
next!	2
“Well,	20
leaning	2
dancing.”	1
guinea-pigs!”	1
position	2
viewed,	1
present	1
curtain	1
softly	1
beginning!”	1
since	4
ought!	1
Date:	1
soup	1
belong	1
like.”	1
annoy,	1
“Hadn’t	1
finished,”	1
best	7
eyes.	2
eyes,	5
“Give	3
guinea-pig	1
fees,	1
hour	2
“When	3
advise	1
honour!”	2
toes?”	1
regulating	1
hoarse,	1
cats:	1
eyes;	1
heard	29
William’s	1
eyes:	1
cheeks,	1
falling	2
certainly	8
high,”	2
fees.	1
twinkle—’”	1
master	2
strength,	1
extraordinary	2
feet,	6
remarks,”	1
concerning	2
wife;	1
meekly	1
tougher	1
onions.”	1
_ours_	1
pulling	1
online	4
coming	5
feet!	1
splashed	1
music,	1
REMEDIES	1
empty:	1
(pointing	1
on!’	1
it?)	1
reason,	1
feared	1
learn?”	1
1.E.3.	1
before.”	1
_can_	4
United	15
righthand	1
scream	1
on!”	6
procession	2
‘Such	1
displayed,	1
ignorant	1
fit)	1
it?”	11
adventures	2
based	2
I!”	2
1.E.4.	1
water-well,”	1
dropped,	1
then—always	1
“Found	2
Longitude	2
something	14
pointed	1
one’s	1
(“the	1
“because	3
shoes!”	1
jury,’	1
“in	3
processing	1
except	5
Majesty,”	7
1.E.5.	1
“is	1
“it	5
shower	2
“if	7
nevertheless	1
fact	2
things—I	1
everything’s	1
1.E.1.	2
One	1
respectable	1
then—I	1
“only,	1
hate—C	1
pieces	2
Cat’s	2
unless	3
Dodo	9
before,”	3
usual,	1
for?’”	1
wonder?”	3
free	7
never!”	1
usual.	2
ought	13
“he	2
particular;	1
accordance	2
1.E.2.	1
lady,”	1
people	13
wings.	1
actually	1
things—”	1
face	7
anxiously.	1
oldest	1
afraid	9
fish	2
After	5
Laughing	1
sing,”	1
weeks!”	1
“but	19
butter,”	1
“on	1
defective,	1
loudly.	1
holder),	1
life!	1
“or	5
heads!”	1
“Hush!	1
“of	1
remedies—”	1
Full	1
melancholy	6
life.	3
life,	2
whenever	1
Ann,	2
leaves	2
grand,	1
‘What	2
stiff.	1
Time!”	1
cause.	1
1.E.8.	2
life;	1
five	1
cause,	1
alone.	1
Ann!	1
impatient	1
protection.	1
“no	1
quarrelling	2
bit,”	2
please	9
collection	3
finding	3
barley-sugar	1
toast,)	1
growl,	2
business!”	2
gone.	1
gone,	3
cross-examine	2
talk!”	1
_I’m_	2
Latin	1
guessed	3
judging	1
staring	3
yawning	1
uneasily,	1
sighing	2
1.E.9.	3
better;”	1
kills	1
you?”	7
loudly	2
never”)	1
soothing	1
dance?	4
“Suppose	2
jumped	5
rule	2
derivative	3
condemn	1
assistance	1
severely.	1
old,	4
recognised	1
it—once	1
“Silence	1
wants	2
Hatter’s	1
wonder	15
1.E.6.	1
sneeze	1
every	12
below.	3
answered	3
again	13
growls	1
below,	1
bit.”	1
indeed	3
disgust,	1
sands	1
knife,	1
“Sure	1
dance.	5
1.E.7.	1
“Write	1
wig.”	1
unhappy.	1
“so	3
bat?”	1
well—”	1
right,”	3
repeated,	2
“Why,	8
_what?_”	3
gravy,	1
folding	1
violently,	2
beginning,”	1
stamping	2
fair	1
them.”	2
charitable	1
“Drink	1
treacle-well.”	1
yelled	1
games	1
ever:	1
home?”	1
ever;	1
suppose.”	1
Lobster;	1
upset,	1
addresses.	1
herself;	4
“Who’s	1
arise	1
reduced	1
“unimportant.”	1
agree	9
Our	1
underneath	1
(Alice	4
doors	2
now!”	3
herself.	8
itself	8
incomplete,	1
DISCLAIMER	1
anyone	4
herself,	31
(The	3
lasted.)	1
walk!’	1
refund	6
night-air	1
“Begin	1
“That	6
fan!	1
donations	11
‘purpose’?”	1
birds	7
pictures	4
discontinue	1
uniform	1
fall	6
frontispiece	1
them,”	3
fan,	1
dismay,	1
ridges	1
eels,	1
“Prizes!	1
flurry	1
pictured	1
wherever	2
_think_,”	1
finger	3
afraid,	2
fire-irons	1
Owl	2
caused	2
youth,”	3
‘Uglification,’”	1
rattling	2
nice	5
appearance	1
youth,	3
first.	1
Tillie;	1
first,	7
damaged	1
contemptuously.	2
cannot	5
treacle,”	1
I,”	1
forgot	2
first	28
hint;	1
first;	2
generations.	1
once.	2
once,	5
identify,	1
They’re	1
Soup!”	1
bend,	1
moved.	1
much,	2
appealed	1
door,	9
clearly	1
moment,	5
and—oh	2
direction,”	2
graceful	1
tight	1
moment.	1
schoolroom,	1
“we	3
door—	1
frog	1
spite	1
once;	1
_it_.	1
once:	1
poky	1
from	47
moment:	1
wind,	2
Two!”	1
(Before	1
altogether;	1
hush!”	1
day,”	1
game,	2
game.	1
bottom	4
Dormouse,	6
in.	1
finished	7
Dormouse!	1
sister,	2
solicit	2
failure.	1
fading	1
disappeared.	1
Quadrille	3
altogether,	2
sister;	1
Dormouse;	2
in:	2
Dormouse:	1
like!”	1
dear:	1
disappeared;	1
Beautiful,	3
Dormouse.	3
_red_	1
replacement	3
altogether.	1
up!”	1
DiBianca	1
say!”	1
mustard-mine	1
*****	2
statements	1
expected:	1
network	1
holding	2
“Very	3
paper	4
public	3
array	1
‘Keep	1
far,	1
Pat!	1
tulip-roots	1
day.”	1
tricks	1
rush	2
zigzag,	1
jury-box	1
“to	4
dears	1
crept	1
request,	1
round	30
door.	2
Additional	1
Tell	3
think?”	2
much.	1
door;	1
door:	1
on.”	2
“poison,”	2
YOU	6
_she_,	1
moral,	1
vague	1
from:	1
Pinch	1
“There	6
references	2
haste,	1
updated:	1
tea—”	1
“How	16
himself:	1
setting	1
brother’s	1
better.”	1
favoured	1
grinned;	1
poor	25
from.	1
facility:	1
Bill!”	1
window.”	1
sorts	3
ran	13
invented	1
ashamed	2
thimble,	2
excellent	2
unlocking	1
pool	6
is—‘Oh,	1
swim,	1
“‘—found	1
hatters	1
swim.	1
to-day.”	1
Pat,	1
earnestly.	1
redistributing	1
earnestly,	1
shaking	3
hurried	11
persons	1
charges	1
grazed	1
is!	1
Grammar,	1
Bill	3
himself,	1
pleased,	1
idiotic!”	1
sense,	2
pleased.	1
execution.	1
809	1
_somewhere_,”	1
providing	4
'AS-IS',	1
is,	16
move.	1
glass.)	1
yet.”	2
posted	4
“what	2
French	3
retire	1
Mind	1
it!	1
“They’re	2
close	12
curled	2
“Sure,	3
present—at	1
linked	2
it,	41
it.	15
mouse:	1
pulled	1
angrily:	1
States.	4
mouse?	1
go,”	2
salmon,	1
angrily.	3
eyelids,	1
children,	3
fat;	1
muchness”—did	1
States,	4
it:	9
children.	1
it;	9
fast	4
executions	2
mouse,	3
angrily,	3
throat,”	1
calling	1
week:	1
“You’ve	1
_You_	1
liked.”	1
children;	1
nine	4
yet,”	4
Email	1
offended	7
further.	1
moved	4
hasn’t	2
otherwise,	1
folded,	2
fortunately	1
act	1
bill,	1
means.”	1
all?”	2
duck	1
repeating	3
mournfully.	1
“Hm!	1
late!”	1
further:	1
finish	4
helped	1
livery:	1
talking.	2
Writhing,	1
_not_,	1
dreaming	1
educational	1
livery,	1
its	60
wrapping	1
hat,”	1
helpless	1
“Soo—oop	1
rest,	1
happened,	2
yawned	2
happened.	1
cheered.	1
begged	1
cheered,	2
manage?”	1
chimney?—Nay,	1
arm-chair	1
ornamented	2
Northumbria—’”	1
scrambling	1
frog;	1
down!”	1
smallest	2
soldiers	8
morals	1
choose	1
also,	1
bleeds;	1
miles	3
prevent	2
eBook,	2
undo	1
sorry	1
Donations	2
sort.	1
Evidence	2
inkstand	1
talking:	1
interesting,	1
Down	2
promising,	1
interesting.	1
ground—and	1
Majesty!”	2
pour	1
label	1
better,”	1
White	22
conquest.	1
Exactly	1
person,	1
“You	32
exempt	2
age	2
shoulders	2
bread-and-butter.	1
bread-and-butter,	2
ago	1
fishes	1
skurried	1
sweet-tempered.	1
number	7
disappointment	1
defect	2
property	2
somersault	1
eggs	1
sky-rocket!”	1
court,”	1
nothing	22
whistle	1
“You’ll	2
distributed	3
eBook.	2
ennyworth	1
“Their	1
calmly,	1
AGREE	2
plates,	1
other	42
Bill,”	2
uncommonly	1
becoming.	1
she,	4
doubling	1
HAVE	1
exclusion	1
air	2
turkey,	1
courage	1
airs!	1
branches,	1
offended.	1
curious.”	1
offended,	1
electronic	27
speak	8
unsolicited	1
shoulder,	1
“Then,	1
smaller,	3
wriggling	1
obsolete,	1
sadly.	2
filled	3
eBooks	5
down,”	3
Pig	2
am!	1
removed	1
(801)	1
future	3
Serpent!”	1
“From	1
up,”	2
atom	2
DONATIONS	1
royal	2
am,	1
“‘_We	1
doubled-up	1
copied	2
father,	1
window!”	1
red.	1
father;	1
body	2
fidgeted.	1
might,	1
“she	1
banks,	1
copies	7
wrong,	2
twelve,	1
hair!	1
“Rule	1
modified	1
snout	1
particular.	1
must,”	1
all	169
always	11
read	10
Lastly,	1
already	2
woman;	1
touch	1
applicable	3
brain;	1
real	3
clock	1
expense	1
accusation!”	1
maintaining	1
alas	1
tremulous	1
(not	1
up.”	2
jumping	4
_what_	1
Visit	1
do!”	3
Distraction,	1
hands,	5
quiver	1
though,	1
though.	1
(“I	2
easy.	1
_no_	1
hands;	1
and	783
“sit	1
gardeners	4
saying	11
row	2
fifteen	1
louder	1
twelve?	1
“when	2
looked	45
think.”	1
“creatures,”	1
on?”	2
any	67
minute	15
compilation	1
“You’re	6
errors,	1
until	4
“_You	2
prisoner’s	1
dull	2
arrived,	1
had!”	1
reason	8
thought	63
“—that	1
taste	2
Antipathies,	1
barking	1
twinkle,	3
anywhere	3
puppy’s	1
thirteen,	1
identification	1
jar	2
Foundation	13
partner!”	1
stuff?	1
“Hjckrrh!”	1
“Whoever	1
using	8
“are	2
broke	2
_must_	3
think,”	2
containing	1
window?”	1
demand	1
“without	1
warranties	1
she’ll	2
gently	3
patiently.	1
slates’ll	1
Knave	7
as,	3
telescope	1
indignantly,	1
Arithmetic—Ambition,	1
succeeded	3
indignantly.	3
childhood:	1
locked;	1
Edgar	1
Queen’s	8
handed	3
uncomfortable.	2
worth	4
cried	18
seen—everything	1
notion	3
U.S.	7
are	60
Heads	1
decidedly,	3
taken	4
came	38
patience	1
Lizard)	1
where	12
confusion,	2
Ann!”	1
life!”	2
Many	1
takes	3
arm	7
Lizard,	2
Hush!”	1
witness.	1
broken	5
uglifying!”	1
least—at	1
curly	1
choice,	1
man,”	1
noticed	7
were,”	2
“Well!”	1
course,	6
holder	1
“Dinah’ll	1
well,”	2
evidence,”	3
curls	1
call	5
uncomfortable,	1
bowed	3
kick	2
There’s	1
idea,”	1
ask	7
Has	1
way?”,	1
knelt	1
through	14
longed	2
forwards	1
all.	4
crossly:	1
swallowing	1
Compliance	1
all,	3
officer	1
fond—of—of	1
“Talking	1
run	3
occasional	1
repeated	8
all!	1
mouse	3
lowing	1
either	6
ate	1
out.	2
all:	2
story,”	1
go?”	1
all;	2
Queen!”	1
course;	1
minute!”	1
yourself	5
piteous	1
pocket)	1
donate	1
those	9
curtsey	1
pocket,	2
“all	1
comfits:	1
worry	1
“and	38
race-course,	1
man.”	1
lifted	1
out,	13
worse	2
FULL	2
below!”	1
taller,	1
screaming	1
difficulty	3
anxious.)	1
longer	2
watched	2
volunteer	1
($1	1
round!’”	1
Long	2
name	9
important,”	1
strange,	1
leaving	1
comfits,	1
teapot.	1
trotting	2
“Stupid	1
grins	1
That’s	1
distance	1
uncorked	1
Twinkle,	1
‘’_Tis	1
book	3
(for,	1
show	3
you’re	15
Yet	3
“any	1
woman—but	1
“She’s	2
barrowful	2
gloves	5
twinkled	1
story.”	1
crying	2
know—and	1
stupidly	1
case,”	1
to-day?”	1
Mary	3
lately,	1
tomorrow—”	1
vanished	3
resting	2
learned	1
introduce	2
I’ll	23
bone	1
suddenly	9
copy,	4
mouth	7
Her	3
nervous	4
guilt,”	1
_more_	1
1.A.	1
“She’d	1
“Poor	1
muchness?”	1
fancy	3
bottle,	2
commotion	1
right-hand	1
I’ve	20
axes,”	1
WARRANTIES	2
poured	1
collected	2
bottle.	1
“than	1
late.”	1
Lory	3
II.	2
other.”	1
anxious	2
do,”	4
Tarts?	2
“—but	1
inside,	1
morsel	1
severely	3
case	4
1.B.	1
canvas	1
means,	1
cat!	1
hollow	1
sprawling	1
cackled	1
sticks	1
“why,	1
cat.	1
circumstances.	1
gloomily:	1
near.	1
grin,	3
sneezing.	1
1.C.	1
card	1
care	4
Atheling	1
sneezing,	1
Author:	1
_what_?”	1
damage	1
guard	1
think!”	1
pattern	1
settle	1
non-profit	1
fireplace	1
stick,	4
1.D.	1
pressing	1
adventures—beginning	1
talking!”	1
do.”	2
guess,	1
seldom	1
do.’	1
flappers,	1
protect	2
KIND,	1
Gutenberg-tm's	1
coaxing	1
egg!”	1
knew,	1
useful,	2
knew)	1
more	39
_then_—she	1
heels	1
larger,	3
usurpation	1
frying-pan	1
kill	1
bore	1
inaccurate	1
beautifully	2
Soo—oop!	4
1.E.	1
cats	9
“that	7
His	1
“Read	1
outside,	1
read:—	1
mayn’t	1
theirs,	1
outside.	1
accounts	1
Bill’s	3
shut	4
_think_	2
whiskers!	1
Dodo,	3
over)	1
box—	1
over.	2
simple	5
Dodo.	1
minded	1
over,	2
choking	1
corners:	1
1.F.	1
made.	1
Magpie	1
virus,	1
QUEEN	1
INCLUDING	1
Mission	1
Tortoise	1
disobey,	1
whiskers,	1
you’ll	4
larger:	1
XII.	2
described	1
Produced	1
interrupting	2
Two.	1
kind	6
Two,	1
slates	1
lost,	1
both	15
flamingo	2
most	12
lost:	1
important	4
(for	1
get’	1
m—”	1
over;	1
phrase	4
bones	1
claws,	1
eaten	1
daughter	1
speech,	1
largest	1
limitation	3
pretending	1
boy—and	1
Queen,”	1
speech.	1
11-0.zip	1
solicitation	1
boy,	2
diamonds,	1
Shall	1
ache!”	1
sad	2
Canterbury,	1
mentioned	3
yet!”	1
EDITION	1
Release	1
memory,	1
said,	26
rest	9
of?”	3
move	2
ringlets,	1
comply	6
original	1
telescope.”	1
toes.”	1
sat	17
‘_How	1
said.	4
“Seals,	1
saw	13
life.”	1
slate.	1
(Which	2
_inside_,	1
say	35
also	3
enough	10
wait,	1
spread	3
said;	2
REPLACEMENT	1
said:	3
Coils.”	1
guests	2
front	2
“Really,	2
You	18
simply	2
stupid	1
bad	1
Pepper	2
eye;	2
Stop	1
boldly:	1
mouth;	1
“flamingoes	1
couples:	1
kiss	1
Widger	1
themselves.’”	1
offer	2
teeth,	1
mouth,	2
buttercup	1
drowned	1
goose,	1
Half-past	1
fits,	1
like’!”	1
knocking,”	2
disclaim	1
mouse!”)	1
personal	2
angry	3
furrows;	1
Soup!	4
Soup,	1
How	9
straightening	1
“Cheshire	1
submitted	1
delay	1
globe	1
violates	1
eye,	1
they’ll	4
goose!	1
drive	1
thin—and	1
height.	1
distributed:	1
remember,”	2
cook.	3
deal	11
cook,	2
OWNER,	1
be,	1
part.”	1
dead	4
“—or	1
‘William	1
eyes	18
sea	2
proves	1
proved	2
see	48
“Come,	9
pause.	1
peeping	1
civil	2
Down,	2
indicate	1
dear	6
purring	1
story!”	2
set	23
contain	2
joined	2
day-school,	1
“Swim	1
words	14
Turtle—we	1
dear!’	1
dear!”	3
howled	1
‘Let	1
WARRANTY	1
plan,	1
shut.	1
sighing.	1
“It’s	15
beg	7
yourself!”	1
CONSEQUENTIAL,	1
_what?_	1
ASCII"	2
faster,	1
bats?	1
‘With	1
‘_they	1
contact	2
don’t!”	1
North	1
“But,	1
word)	1
splendidly	1
sneezed	1
IV.	2
was,”	3
Adventures,	1
REFUND	1
word,	2
sneeze,	1
_quite_	2
she	485
singers.	1
twice,	3
“_Twinkle,	1
parts	3
sluggard_,’”	1
beheaded!”	2
party	8
little	118
deep	5
aloud;	1
“—so	2
deletions	1
trembling	6
pattering	3
room.	1
do:—	1
room,	1
by—the	1
riddle	1
getting	21
Morcar,	2
hers—she	1
follows:—	1
room!	1
rippling	1
IX.	2
sit	5
mouths	1
over	31
was.”	1
directed	2
INDIRECT,	1
help,	1
six	2
living	1
dull!”	1
bound	3
Northumbria,	1
they’re	9
speaking,	3
hatter.”	1
ordered.	1
walrus	1
all!”	1
aloud,	1
thimble,”	1
aloud.	3
avoid	1
are!”	1
tunnel	1
rubbing	2
grunted	3
dear,”	1
Nearly	1
crowd	4
editions,	1
Which	3
provoking	1
beautify	1
bit	8
unfolded	2
“First	1
corner	1
does.”	1
animals	3
join	9
crown	2
checks,	1
sentence	6
sky	1
Majesty	2
large	32
happened.)	1
face—and	1
purple.	1
skirt,	1
foolish	1
impatiently;	1
“_You’d_	1
impatiently:	2
drink	4
beheading	1
bough	1
think—”	3
procession,”	1
trying.”	1
Contents	1
Lobster	5
together.’”	1
question,”	1
saying,	3
begin	7
yourself.”	2
paragraph	10
brought	3
works	23
alive	1
payments	3
extras?”	1
plate	2
neighbour	1
thinking	10
finishing	1
_sit_	1
so,	7
POSSIBILITY	1
world	8
so.	3
variations.	1
tongue!”	2
waiting!”	1
proceed.	1
perform,	1
there,”	2
everything	9
knee.	1
table	7
Improve	1
knee,	3
impatiently,	2
Alice’s	13
yourself,”	1
lark,	1
side	12
break	1
missed	2
change	9
they’ve	1
conger-eel,	1
indirectly	1
respectful	1
hide	1
candle	2
bats,	1
reminding	1
paused	1
Quadrille,	1
constant	3
invalidity	1
several	5
sign	1
shade:	1
brush,	1
ring,	2
office	1
anger	1
animals,	1
_somebody_	1
computers.	1
there.	2
compressed,	1
high	4
there,	1
snorting	1
different	5
directly	1
kneel	1
believe.”	1
hedge.	1
flamingo:	1
verses.”	1
in.”	1
do?”	1
poker	1
pause:	1
Terms	2
restrictions	2
thrown	1
roots	1
preserve	1
Ada,”	1
“—it	1
flamingo.	1
back.	2
belongs	2
flamingo,	1
edition.	1
continued,	2
back,	4
AND	2
David	1
attached	1
worm.	1
Advice	2
sisters,”	1
birthday	1
behind	12
fanning	1
what’s	2
1.C	1
1.E	1
box	3
sir,”	2
ANY	3
Soup?	2
glass.	1
glass,	2
tasted	2
Dinah!	1
furiously,	1
Dinah,	3
curiouser!”	1
fall,	1
politely	1
501(c)(3)	1
stand,	1
savage	3
glass;	1
well?”	2
www.gutenberg.org/contact	1
unfortunate	3
chance	4
“Nobody	2
interesting	3
raised	2
Dinah:	1
two_—’	1
editions	5
certainly,”	3
works!”	1
ALICE’S	2
“Dear,	1
howling	3
earth	1
quarrel	1
work,	8
truthful	1
work.	5
audibly.	1
backs	1
cunning	1
blades	1
crash,	1
stool	1
dancing	1
elbow	2
speak—and	1
stoop	1
croquet-ground.	1
‘Twinkle,	1
ledge	1
stood	7
paint	1
trouble!”	1
fighting	1
housemaid,”	1
somewhere	1
injure	1
him,	4
him.	2
encouraged	1
Sections	1
shan’t	4
Never	1
friend	2
mushroom	4
him:	3
him;	1
Soup_,’	1
deny	2
closely	1
him!	2
pleasure	2
crawled	1
miserable	2
March.”	1
12,	1
breathe’!”	1
remaining	2
morning	1
_their_	1
accept	1
“Can’t	1
mission	3
“One	2
clasped	1
stopping	1
interpreted	1
“Somebody	1
lessons	4
faster?”	1
access	10
advisable	1
overcome	1
unusually	1
one!	1
occasionally;	1
pitied	1
current	1
managed	3
plainly	1
key	5
surprised	6
trees,	2
more!”	1
“Take	2
stopped	3
silent	3
“Collar	1
remarking,	1
manager	1
judge,”	1
“Hold	3
fancied	2
makes	12
squeaked.	1
won’t,	1
beloved	1
growing.”	1
tarts	3
Queen?”	1
(As	1
slipped	2
to—”	1
was!”	1
story	2
but	104
away:	1
“—yes,	1
prison,”	1
declare	1
pun!”	1
(with	1
FOUNDATION,	1
available	2
Seven.	1
Latitude	2
night?	1
“What’s	2
brushing	1
pocket?”	1
away.	3
pairs	1
Pig!”	1
instantly	3
letters.	1
all.”	2
written	9
lad!—Here,	1
Duchess	15
refreshments!”	1
fills	1
It’ll	1
good-naturedly	1
one;	2
surprise.	2
history,	4
night!	1
advice,	1
dreadfully	6
history.	1
sink	1
surprise,	2
Pigeon	5
stole	1
whistling.	1
one,	7
pepper-box	1
especially	1
once	18
crumbs	1
expend	1
hint	1
giddy.”	2
General	3
sorrowful	2
_think_;	1
sing	3
“—as	1
re-use	2
way—never	1
curving	1
by:	1
doing	3
idea	14
kid	5
thimble;”	1
dishes.	1
throne	1
Alice!”	1
Wonderland,	2
fountains,	1
What	4
lesson-books!”	1
shelves	1
fountains.	1
clapping	1
_there_	1
begun.”	1
proprietary	1
“they’d	1
him—it	1
“_Are_	1
draw,	1
lovely	2
punching	1
figure	1
types	1
corrupt	1
sir,	4
stop.	1
_yet_,”	1
Seaography:	1
sir—”	1
CHAPTER	24
afterwards.”	1
ones	1
passing	1
“—where’s	1
one—but	1
Tears	2
mine,”	1
gloves:	1
worried.	1
“Get	2
reach	4
inches	6
hiss	1
fashion.”	1
shrinking	4
positively	1
children	5
sight	2
dreadful	1
days.	1
“DRINK	2
nobody	3
between	5
mad?”	2
read,	1
natural	3
wandering,	1
_please_	1
looking-glass.	1
downwards,	1
rightly	1
out.’	1
had,	1
next!”	1
Next	2
mouths;	1
following	4
adding,	1
WORK	1
mouths.	1
Revenue	1
rules,	1
advantage,”	1
neighbouring	1
unwillingly	1
(He	1
books,	1
are,”	1
there’s	15
whatever,”	1
derive	1
weak	2
seeing	1
execution—once	1
flat	1
stored,	1
leap	1
place	7
all,”	3
regular	2
sits	1
dispute	2
(If	1
prominently	2
footsteps,	1
tired	7
vanished.	1
digging	2
jogged	1
Alice,)	2
(In	1
away,	3
roses.	1
T!”	1
gloves,	3
book-shelves;	1
When	7
(It	1
reality—the	1
cease	1
gloves.	1
fancy—Who’s	1
arranged;	1
see,”	1
coward!”	1
Multiplication	1
argument	4
within—a	1
passage	1
bank—the	1
begun	6
hopeful	1
instance,	3
trial:	1
growing	6
in?”	3
chorus,	1
more.”	1
should	29
only	45
crashed	1
experiment?”	1
justice	1
if—if	1
verse	1
well.	2
furious	1
officers	3
roof.	1
bite.	1
readable	1
well,	1
alarmed	1
individual	4
goes	7
ugly	1
true_—’	1
accepted	1
tinkling	1
tax	6
towards	1
alas!	2
well!	1
doze;	1
away--you	1
uncivil.	1
means—to—make—anything—prettier.”	1
person	6
“Just	2
capering	1
safe	2
flung	1
files	2
Gutenberg-tm	53
chanced	1
cards!”	1
herself	40
newspapers,	1
Dormouse	23
trial,	1
undertone,	1
clearly,”	1
timidly,	4
timidly.	1
week	2
puzzled.)	1
_precious_	1
see.”	1
balls	1
feathers,	1
sigh,	1
can	37
dear?”	1
goldfish	2
hair	5
sigh.	1
ready	7
timidly;	1
cat	7
else.	2
flew	1
timidly:	1
License.	2
alarm	1
said	416
Tortoise,	1
jaws!”	1
carried	4
stop.”	1
limited	2
sigh:	2
cherry-tart,	1
over!”	3
While	6
hurrying	1
played	1
“Shall	1
really	9
_you_,	1
daisies,	1
“Serpent,	1
arguments	1
again!”	7

